id,first_name,last_name,email,phone_number,association,wants_responsibility,is_backup,approval_status,uploaded_video,magic_link_token,preferences,availability
resp_0001,Nina,Jacobs,nina.jacobs1@example.com,+32478078673,,False,False,unreviewed,False,fFLYn7lKsm8NMLcc5mvZHQ6kGivzLjzN,Guest Flow & Stewarding,2026-10-21 Morning
resp_0002,Charlotte,Vermeire,charlotte.vermeire2@example.com,+32472556017,,True,False,unreviewed,False,UajKO_ED7LBA2cKlohvYbcKka-dwgIAu,Setup & Logistics; Technical Support; Stage & Session Support,2026-10-21 Afternoon; 2026-10-21 Evening; 2026-10-21 Morning; 2026-10-22 Morning
resp_0003,Louise,Martens,louise.martens3@example.com,+32474905582,,False,False,unreviewed,False,vYxENo1alZF4C0i6lqxyrEw0BX1WyLko,Guest Flow & Stewarding; Food & Drinks; Runner & Flexible Support,2026-10-21 Evening; 2026-10-21 Morning
resp_0004,Felix,Wouters,felix.wouters4@example.com,+32476440561,,False,False,unreviewed,False,LIklhiSI_26nr8PjNlnWZfd1PNjYck5w,Setup & Logistics; Technical Support; Guest Flow & Stewarding; Runner & Flexible Support; Stage & Session Support,2026-10-21 Afternoon; 2026-10-21 Evening; 2026-10-21 Morning; 2026-10-22 Morning
resp_0005,Bram,Vermeire,bram.vermeire5@example.com,+32478187926,VTK Gent,True,False,unreviewed,False,jQTJoMlaHHl9qXGq2xmfpmZ1sTq7q5ZA,Technical Support; Guest Flow & Stewarding; Info & Welcome; Food & Drinks; Runner & Flexible Support; Stage & Session Support,2026-10-21 Morning; 2026-10-22 Morning
resp_0006,Marie,Willems,marie.willems6@example.com,+32475476583,,True,False,unreviewed,False,9IjpCrfJeONqDWH-iYnvAkwW0WBqjGAJ,Setup & Logistics; Technical Support; Info & Welcome; Food & Drinks; Stage & Session Support,2026-10-21 Afternoon; 2026-10-21 Evening; 2026-10-22 Morning
resp_0007,Hanne,Willems,hanne.willems7@example.com,+32476438436,,True,False,unreviewed,False,CMRzNByYYoYQsG4U-ZM_bYxgKN6_QB2x,Setup & Logistics; Technical Support; Guest Flow & Stewarding; Runner & Flexible Support,2026-10-21 Morning; 2026-10-22 Morning
resp_0008,Louise,Maes,louise.maes8@example.com,+32476229731,,True,False,unreviewed,False,Pwo7TCXhpsZODfdbOffqDRptiahTkrXE,Setup & Logistics; Technical Support; Food & Drinks; Runner & Flexible Support; Stage & Session Support,2026-10-21 Afternoon; 2026-10-21 Evening; 2026-10-21 Morning; 2026-10-22 Morning
resp_0009,Louise,Vermeulen,louise.vermeulen9@example.com,+32474841005,,False,False,unreviewed,False,F3K62orySjR-WMnxUM4ezE9vxA5F23LC,Food & Drinks,2026-10-21 Morning
resp_0010,Mathias,Mertens,mathias.mertens10@example.com,+32478835373,AIESEC Ghent,False,False,unreviewed,False,HYZTm6Aumofazk3gw3WVPs5S9DigzKL2,Technical Support; Info & Welcome; Food & Drinks; Runner & Flexible Support; Stage & Session Support,2026-10-21 Afternoon; 2026-10-21 Evening; 2026-10-21 Morning
resp_0011,Julie,Claes,julie.claes11@example.com,+32471247595,,True,False,unreviewed,False,Oy6jcK7gZrXw2fwCGD_5PIdVQR3sWmMR,Technical Support; Guest Flow & Stewarding; Info & Welcome; Stage & Session Support,2026-10-21 Evening
resp_0012,Wout,Aerts,wout.aerts12@example.com,+32473597059,Student Ghentrepreneur,True,False,unreviewed,False,DCmvRyOmxFkvRbmMqML_7R50JBXr1Ffb,Setup & Logistics; Technical Support; Guest Flow & Stewarding; Info & Welcome; Runner & Flexible Support; Stage & Session Support,2026-10-22 Morning
resp_0013,Louis,De Clercq,louis.declercq13@example.com,+32471666754,,False,False,unreviewed,False,Hkibi_Exfe3aGUYoHiT8Z-y8QsaGXhRG,Setup & Logistics; Technical Support; Guest Flow & Stewarding; Info & Welcome; Food & Drinks; Stage & Session Support,2026-10-21 Afternoon; 2026-10-21 Evening; 2026-10-21 Morning
resp_0014,Sophie,Vermeulen,sophie.vermeulen14@example.com,+32472229110,,True,False,unreviewed,False,Qowj073z12ufskdsNa7yYXnheJUeHAwi,Technical Support; Guest Flow & Stewarding; Info & Welcome,2026-10-21 Evening
resp_0015,Victor,Willems,victor.willems15@example.com,+32472737893,VTK Gent,False,False,unreviewed,False,LG5sEwMiKb5J6Fkdy0ma1SW491p2DER2,Guest Flow & Stewarding; Food & Drinks; Runner & Flexible Support,2026-10-21 Afternoon; 2026-10-22 Morning
resp_0016,Camille,Claes,camille.claes16@example.com,+32475641923,AIESEC Ghent,True,False,unreviewed,False,tR9EdiCMQXNE-bF6j0SvxyQvojcq9bdO,Guest Flow & Stewarding; Info & Welcome; Food & Drinks; Stage & Session Support,
resp_0017,Emma,Jacobs,emma.jacobs17@example.com,+32471701771,,False,False,unreviewed,False,Vb2oTR160pruQ_Dic38aglbynwqN9cMi,Technical Support; Runner & Flexible Support,2026-10-21 Afternoon; 2026-10-21 Evening; 2026-10-21 Morning; 2026-10-22 Morning
resp_0018,Hanne,Martens,hanne.martens18@example.com,+32473670896,VTK Gent,False,False,unreviewed,False,RUKycqc_HAhUIneFygBAizzJ2F2cUXA_,Setup & Logistics; Technical Support; Guest Flow & Stewarding; Info & Welcome; Food & Drinks; Runner & Flexible Support,2026-10-21 Afternoon; 2026-10-21 Evening; 2026-10-21 Morning; 2026-10-22 Morning
resp_0019,Victor,Goossens,victor.goossens19@example.com,+32479996207,AIESEC Ghent,True,False,unreviewed,False,5Z7bbIF7ds01_zROQkOGIQYoZcCVfWhE,Technical Support; Info & Welcome; Runner & Flexible Support,2026-10-21 Afternoon; 2026-10-22 Morning
resp_0020,Jules,De Vos,jules.devos20@example.com,+32478235969,Ekonomika,False,False,unreviewed,False,CgTcS-WwcZjgxBi8FlWj-zsghIJsf1zp,Setup & Logistics; Technical Support; Guest Flow & Stewarding; Info & Welcome; Food & Drinks,2026-10-21 Afternoon; 2026-10-21 Evening; 2026-10-21 Morning; 2026-10-22 Morning
resp_0021,Jules,Vermeulen,jules.vermeulen21@example.com,+32477812810,VTK Gent,True,False,unreviewed,False,6xRWqmt6QDGY7sNvbtXqzjuxAAYsh-nY,Technical Support; Guest Flow & Stewarding; Food & Drinks,2026-10-21 Evening; 2026-10-21 Morning
resp_0022,Charlotte,Verhoeven,charlotte.verhoeven22@example.com,+32472566777,Ekonomika,True,False,unreviewed,False,5zjw9v9eK8mK4tr-AJidH9d7gTJ9JxEI,Setup & Logistics; Technical Support; Info & Welcome; Food & Drinks,2026-10-22 Morning
resp_0023,Louis,Baert,louis.baert23@example.com,+32472788238,,False,False,unreviewed,False,RJwsFybNOWJIib7ooqjO9ptZ9LhIyb2X,Setup & Logistics; Technical Support; Guest Flow & Stewarding; Info & Welcome; Runner & Flexible Support,2026-10-21 Afternoon; 2026-10-21 Evening; 2026-10-21 Morning; 2026-10-22 Morning
resp_0024,Marie,Verhoeven,marie.verhoeven24@example.com,+32478550917,Student Ghentrepreneur,False,False,unreviewed,False,JPzQ3HnsPrucmxJstoDV_Fpwll535khE,Guest Flow & Stewarding; Info & Welcome; Food & Drinks; Stage & Session Support,2026-10-21 Evening; 2026-10-22 Morning
resp_0025,Louise,De Smet,louise.desmet25@example.com,+32473563646,AIESEC Ghent,True,False,unreviewed,False,nhgaO2dtcTCOtKJKuiz7oiK1oNSYS-j-,Guest Flow & Stewarding; Food & Drinks; Stage & Session Support,2026-10-21 Morning
resp_0026,Manon,Van Damme,manon.vandamme26@example.com,+32477542890,VTK Gent,False,False,unreviewed,False,BNmXluW5guunpkh2rxdYSU7dKJO8-TKD,Setup & Logistics; Food & Drinks; Stage & Session Support,2026-10-21 Evening; 2026-10-21 Morning; 2026-10-22 Morning
resp_0027,Louis,Peeters,louis.peeters27@example.com,+32472408404,,False,False,unreviewed,False,94qSbmg1gf9vfEBBRegt7o1iYRAePCB3,Info & Welcome; Runner & Flexible Support; Stage & Session Support,2026-10-21 Evening; 2026-10-21 Morning; 2026-10-22 Morning
resp_0028,Julie,Verhoeven,julie.verhoeven28@example.com,+32471873851,,False,False,unreviewed,False,pYCY2BEp0ZkhuqRwOkmTNm5mIr1pif8M,Guest Flow & Stewarding; Info & Welcome; Stage & Session Support,2026-10-21 Afternoon; 2026-10-21 Evening; 2026-10-21 Morning
resp_0029,Thomas,Mertens,thomas.mertens29@example.com,+32473747534,,True,False,unreviewed,False,3W6GKIgTqUIqfaTCjNHjq5JbtwdsXvxu,Setup & Logistics; Info & Welcome; Runner & Flexible Support,2026-10-21 Afternoon; 2026-10-21 Evening; 2026-10-21 Morning; 2026-10-22 Morning
resp_0030,Laura,Goossens,laura.goossens30@example.com,+32472156902,Ekonomika,True,False,unreviewed,False,auB2BifOv0gM-WIDYKso1qglMou7D09D,Guest Flow & Stewarding; Stage & Session Support,2026-10-21 Afternoon; 2026-10-21 Morning; 2026-10-22 Morning
resp_0031,Nina,Verhoeven,nina.verhoeven31@example.com,+32475118725,Ekonomika,True,False,unreviewed,False,awyd99JJvHm2uW9OqAdMir__PmMMRMeo,Technical Support; Guest Flow & Stewarding; Info & Welcome; Food & Drinks; Stage & Session Support,2026-10-21 Afternoon; 2026-10-21 Evening; 2026-10-21 Morning; 2026-10-22 Morning
resp_0032,Louis,Vermeulen,louis.vermeulen32@example.com,+32472436347,,True,False,unreviewed,False,xRC5SBBplQKLDt13isAYk-JaP0_lfeT7,Technical Support; Guest Flow & Stewarding; Runner & Flexible Support,2026-10-21 Afternoon; 2026-10-22 Morning
resp_0033,Louise,De Smet,louise.desmet33@example.com,+32476902401,Ekonomika,False,False,unreviewed,False,4100qBNfE_8O78mwUHm9ahmljZzZRwON,Technical Support; Guest Flow & Stewarding; Runner & Flexible Support,2026-10-21 Afternoon; 2026-10-21 Evening; 2026-10-21 Morning; 2026-10-22 Morning
resp_0034,Maxime,Martens,maxime.martens34@example.com,+32475970190,,False,False,unreviewed,False,5yUjP-V_nN1wGUNEJrpK87lNnq8pdKCI,Setup & Logistics; Technical Support; Guest Flow & Stewarding; Info & Welcome; Food & Drinks; Runner & Flexible Support; Stage & Session Support,2026-10-21 Afternoon; 2026-10-22 Morning
resp_0035,Mathias,De Smet,mathias.desmet35@example.com,+32471861958,,True,False,unreviewed,False,ju8FFjGq8f28ZBjM2obA94oTl7RnLXuv,Setup & Logistics; Technical Support; Info & Welcome; Runner & Flexible Support,2026-10-21 Afternoon; 2026-10-21 Evening; 2026-10-21 Morning; 2026-10-22 Morning
resp_0036,Nina,Janssens,nina.janssens36@example.com,+32478427625,Student Ghentrepreneur,True,False,unreviewed,False,N16nteQGQBhqhCEDZxAdxMf-_qO-8p-3,Food & Drinks; Stage & Session Support,2026-10-21 Afternoon; 2026-10-21 Evening; 2026-10-21 Morning; 2026-10-22 Morning
resp_0037,Julie,Wouters,julie.wouters37@example.com,+32475886520,Student Ghentrepreneur,False,False,unreviewed,False,5aMgWQ3wkaRwtscNSNJt7JIxsBLdTwGg,Setup & Logistics; Technical Support; Runner & Flexible Support; Stage & Session Support,2026-10-21 Evening; 2026-10-22 Morning
resp_0038,Laura,Claes,laura.claes38@example.com,+32478367772,VTK Gent,True,False,unreviewed,False,WDJ304jbAEDstFM2W11A8gMLHFTqhmdC,Technical Support; Food & Drinks; Runner & Flexible Support,2026-10-21 Evening; 2026-10-21 Morning; 2026-10-22 Morning
resp_0039,Thomas,Janssens,thomas.janssens39@example.com,+32475521644,,False,False,unreviewed,False,6RyMUS3fNWhkyvdnn8NTmv-VRJvbxSZE,Setup & Logistics; Guest Flow & Stewarding; Info & Welcome; Food & Drinks; Runner & Flexible Support; Stage & Session Support,2026-10-22 Morning
resp_0040,Jules,Vandamme,jules.vandamme40@example.com,+32478630712,,True,False,unreviewed,False,_onbZZgcs8CNIrZOzdqYpsYYhAxgQOza,Setup & Logistics; Technical Support; Guest Flow & Stewarding; Info & Welcome; Food & Drinks; Runner & Flexible Support; Stage & Session Support,2026-10-21 Afternoon; 2026-10-21 Evening
resp_0041,Liam,Claes,liam.claes41@example.com,+32479132114,Student Ghentrepreneur,False,False,unreviewed,False,xe10mjhnBwCaBBl0mnHj1HiLU3qbI_NK,Setup & Logistics; Info & Welcome; Food & Drinks; Runner & Flexible Support,2026-10-21 Afternoon; 2026-10-21 Morning; 2026-10-22 Morning
resp_0042,Jules,Maes,jules.maes42@example.com,+32478922533,Student Ghentrepreneur,False,False,unreviewed,False,To379Tq0O_MiyL8IJ1h1tjb5os-x_HqF,Setup & Logistics; Info & Welcome; Stage & Session Support,2026-10-21 Afternoon; 2026-10-21 Evening; 2026-10-21 Morning; 2026-10-22 Morning
resp_0043,Hanne,Van Damme,hanne.vandamme43@example.com,+32476790218,Student Ghentrepreneur,False,False,unreviewed,False,C6DAt2NHTsvD6PGutQ778nc3fKraXnut,Guest Flow & Stewarding; Food & Drinks; Stage & Session Support,2026-10-21 Afternoon; 2026-10-21 Evening; 2026-10-21 Morning
resp_0044,Arthur,Vermeire,arthur.vermeire44@example.com,+32479310235,,True,False,unreviewed,False,yb9YQIgVW_AC_vxNS0PJ2u7uo04-RIpu,Setup & Logistics; Info & Welcome; Stage & Session Support,2026-10-21 Evening; 2026-10-22 Morning
resp_0045,Bram,Verhoeven,bram.verhoeven45@example.com,+32476680114,VTK Gent,False,False,unreviewed,False,qXnhAZSF8INSCexYfyegCQ4-iz1XwzwH,Technical Support,2026-10-21 Evening; 2026-10-21 Morning
resp_0046,Liam,Baert,liam.baert46@example.com,+32476024207,,False,False,unreviewed,False,i8mT-41XJ97WBbNDG-x1nz6Fyq-316Gr,Runner & Flexible Support; Stage & Session Support,2026-10-21 Afternoon; 2026-10-21 Evening; 2026-10-21 Morning; 2026-10-22 Morning
resp_0047,Arthur,De Clercq,arthur.declercq47@example.com,+32479349470,,False,False,unreviewed,False,rpkg60CXIAClvF4Rbn4doy_DfOfSQ60m,Technical Support; Runner & Flexible Support; Stage & Session Support,2026-10-21 Evening; 2026-10-22 Morning
resp_0048,Lena,De Smet,lena.desmet48@example.com,+32479106886,AIESEC Ghent,False,False,unreviewed,False,M6Gp5Gz5nmTMWJUBGQC9XeFQiSZvw3yy,Setup & Logistics; Technical Support; Guest Flow & Stewarding; Info & Welcome,2026-10-21 Afternoon; 2026-10-21 Evening; 2026-10-21 Morning; 2026-10-22 Morning
resp_0049,Elise,Wouters,elise.wouters49@example.com,+32476910964,,True,False,unreviewed,False,yNNADoez1zDkK6H74t2ilf6qqMlhl6yR,Stage & Session Support,2026-10-21 Evening; 2026-10-21 Morning; 2026-10-22 Morning
resp_0050,Seppe,Verhoeven,seppe.verhoeven50@example.com,+32473217273,,False,False,unreviewed,False,K4mXEpXeseaKcowrpTvPRt2TkrbzZSml,Guest Flow & Stewarding,2026-10-21 Afternoon; 2026-10-21 Evening
resp_0051,Maxime,Vermeulen,maxime.vermeulen51@example.com,+32475436878,,False,False,unreviewed,False,ZHnQ_tU4JOfzU-6N4K7M_Q37TbTjzZ23,Setup & Logistics; Technical Support; Guest Flow & Stewarding; Info & Welcome; Food & Drinks,2026-10-21 Afternoon; 2026-10-21 Evening; 2026-10-21 Morning; 2026-10-22 Morning
resp_0052,Arthur,Vandamme,arthur.vandamme52@example.com,+32477850067,VTK Gent,True,False,unreviewed,False,_ROyAf5Ag2Hr93B1tl4wBs-CWeGNqi8j,Food & Drinks,2026-10-21 Evening; 2026-10-21 Morning; 2026-10-22 Morning
resp_0053,Lena,Martens,lena.martens53@example.com,+32477960607,,True,False,unreviewed,False,hWbeu8gIyTg-GTtz62K0WretC555oNSq,Guest Flow & Stewarding; Info & Welcome,2026-10-21 Afternoon; 2026-10-21 Evening; 2026-10-22 Morning
resp_0054,Charlotte,Verhoeven,charlotte.verhoeven54@example.com,+32471358318,,True,False,unreviewed,False,6jXKgy0nw-cUgo-bDipKUfzKTJMxWaA4,Setup & Logistics; Technical Support; Guest Flow & Stewarding; Info & Welcome; Food & Drinks; Runner & Flexible Support; Stage & Session Support,2026-10-21 Evening; 2026-10-21 Morning
resp_0055,Julie,Goossens,julie.goossens55@example.com,+32473927575,VTK Gent,False,False,unreviewed,False,Cm0cBLEPrtE3nTRLTzMBs1bvxE-pFUTB,Setup & Logistics; Technical Support; Food & Drinks,2026-10-21 Morning; 2026-10-22 Morning
resp_0056,Camille,Peeters,camille.peeters56@example.com,+32479610704,Ekonomika,False,False,unreviewed,False,HqSrZ-9EBkL6L6z87M02jHyl_2Hgdc60,Setup & Logistics; Technical Support,2026-10-21 Evening; 2026-10-21 Morning; 2026-10-22 Morning
resp_0057,Emma,Janssens,emma.janssens57@example.com,+32477390515,Ekonomika,True,False,unreviewed,False,nhE1Xlyhz868IFI-Yxoe0LCMQXoSAUEQ,Setup & Logistics; Technical Support; Guest Flow & Stewarding; Info & Welcome; Food & Drinks; Runner & Flexible Support; Stage & Session Support,2026-10-21 Afternoon; 2026-10-21 Evening; 2026-10-21 Morning; 2026-10-22 Morning
resp_0058,Nina,Martens,nina.martens58@example.com,+32478159911,Ekonomika,True,False,unreviewed,False,hnnJ0UfV5YESDRcSR9Eqi49jnlCPeWyN,Technical Support; Info & Welcome; Food & Drinks; Runner & Flexible Support; Stage & Session Support,2026-10-21 Evening
resp_0059,Louise,Van Damme,louise.vandamme59@example.com,+32476932391,AIESEC Ghent,False,False,unreviewed,False,H472zyBieqYWQ7L-RU5krVS3dYot0db9,Guest Flow & Stewarding; Runner & Flexible Support,2026-10-21 Afternoon; 2026-10-21 Evening; 2026-10-22 Morning
resp_0060,Amelie,Claes,amelie.claes60@example.com,+32471440466,AIESEC Ghent,False,False,unreviewed,False,9SiaVtRSwG8PZXZb-VCCDzsKOxIgnHkB,Technical Support; Info & Welcome,2026-10-21 Afternoon; 2026-10-21 Evening; 2026-10-21 Morning; 2026-10-22 Morning
resp_0061,Milan,Peeters,milan.peeters61@example.com,+32472539438,,False,False,unreviewed,False,OleeZdM7IWq0YzQLTgtvGUElC6TRljFn,Technical Support; Info & Welcome; Food & Drinks,
resp_0062,Maxime,Vermeulen,maxime.vermeulen62@example.com,+32478434202,VTK Gent,False,False,unreviewed,False,Io1yWCkhpSNAF70AU1fO738LlInKa1eS,Setup & Logistics; Info & Welcome; Food & Drinks; Runner & Flexible Support; Stage & Session Support,2026-10-22 Morning
resp_0063,Jules,Jacobs,jules.jacobs63@example.com,+32471128967,,False,False,unreviewed,False,Fru246RxEyJQz6d7US6UkF1gqpBKzSJ0,Info & Welcome; Food & Drinks; Runner & Flexible Support,2026-10-21 Afternoon; 2026-10-21 Evening; 2026-10-21 Morning
resp_0064,Louis,Van Damme,louis.vandamme64@example.com,+32478318550,,True,False,unreviewed,False,7l8l9opIuIeq9XZ4iaNu8apEFX_q7dfE,Info & Welcome; Food & Drinks,2026-10-21 Afternoon; 2026-10-21 Morning; 2026-10-22 Morning
resp_0065,Noah,Aerts,noah.aerts65@example.com,+32478326807,,True,False,unreviewed,False,p2d0tIyj8TQRTWcMEsJfRxucKSnjJcuQ,Guest Flow & Stewarding,2026-10-21 Afternoon; 2026-10-21 Evening; 2026-10-22 Morning
resp_0066,Camille,Goossens,camille.goossens66@example.com,+32474963933,,True,False,unreviewed,False,BMWUaF2Z3J-UZGdABUteYOOTahmFg6nJ,Setup & Logistics; Technical Support; Food & Drinks,2026-10-21 Afternoon; 2026-10-21 Morning; 2026-10-22 Morning
resp_0067,Louis,Verhoeven,louis.verhoeven67@example.com,+32475608259,VTK Gent,True,False,unreviewed,False,1-PC8Ua_PaL_zhMd642KN-kJ9bYx1rT4,Guest Flow & Stewarding; Info & Welcome; Food & Drinks; Runner & Flexible Support; Stage & Session Support,2026-10-21 Evening; 2026-10-22 Morning
resp_0068,Liam,De Vos,liam.devos68@example.com,+32476394323,,True,False,unreviewed,False,LlCsBSYwZSr-nJ1demyV9RwedCgU1GlX,Setup & Logistics; Technical Support; Info & Welcome; Runner & Flexible Support; Stage & Session Support,2026-10-21 Afternoon; 2026-10-21 Evening
resp_0069,Louise,De Clercq,louise.declercq69@example.com,+32477499771,VTK Gent,True,False,unreviewed,False,_w9uANzv4mdJYCRaVdySkgVeDAZ66_Ot,Setup & Logistics; Technical Support; Info & Welcome; Food & Drinks,2026-10-21 Afternoon; 2026-10-21 Morning; 2026-10-22 Morning
resp_0070,Mathias,Aerts,mathias.aerts70@example.com,+32473163449,AIESEC Ghent,False,False,unreviewed,False,TQzmUI9_Nwk7lu8kWqzEa24jYmh5GssZ,Food & Drinks; Runner & Flexible Support; Stage & Session Support,2026-10-21 Afternoon; 2026-10-21 Evening; 2026-10-21 Morning; 2026-10-22 Morning
resp_0071,Felix,Van Damme,felix.vandamme71@example.com,+32472696860,VTK Gent,False,False,unreviewed,False,l7MhMap80U8Q1UihdwF9Bg3_7QCDZdO7,Setup & Logistics; Technical Support; Guest Flow & Stewarding; Runner & Flexible Support,2026-10-21 Afternoon; 2026-10-21 Evening; 2026-10-21 Morning; 2026-10-22 Morning
resp_0072,Lucas,Willems,lucas.willems72@example.com,+32478531761,VTK Gent,False,False,unreviewed,False,9SwhQZJri1JtbPXUglLCIFwF1aQegnxO,Setup & Logistics; Technical Support; Info & Welcome; Food & Drinks; Stage & Session Support,2026-10-21 Evening; 2026-10-21 Morning
resp_0073,Hanne,De Smet,hanne.desmet73@example.com,+32475782563,,True,False,unreviewed,False,CK0McZxOSk5rCDdtXzJoGNc7c_aOlETC,Setup & Logistics; Technical Support; Info & Welcome; Food & Drinks; Stage & Session Support,2026-10-21 Afternoon; 2026-10-21 Evening; 2026-10-21 Morning; 2026-10-22 Morning
resp_0074,Manon,Verhoeven,manon.verhoeven74@example.com,+32476346644,,True,False,unreviewed,False,nNJ6SUNKbD4mueTI2xETgMsrTsuht8By,Setup & Logistics; Technical Support; Guest Flow & Stewarding; Info & Welcome; Runner & Flexible Support; Stage & Session Support,2026-10-21 Afternoon; 2026-10-21 Morning
resp_0075,Sophie,Mertens,sophie.mertens75@example.com,+32479854536,,True,False,unreviewed,False,M_H2DPaq-J4Sq0_2X3QvSWZ15IMZshVC,Setup & Logistics; Info & Welcome; Food & Drinks; Runner & Flexible Support; Stage & Session Support,2026-10-21 Morning
resp_0076,Jules,Baert,jules.baert76@example.com,+32476919270,,True,False,unreviewed,False,zmR-cmwIAGJiredW5mRv5W06uR6iN3e-,Setup & Logistics; Info & Welcome; Food & Drinks; Stage & Session Support,2026-10-21 Afternoon; 2026-10-21 Morning; 2026-10-22 Morning
resp_0077,Wout,Vandamme,wout.vandamme77@example.com,+32475045421,Ekonomika,False,False,unreviewed,False,62AnzK5VXf7SJoqYx8IZfMvyfER6MJT5,Guest Flow & Stewarding; Info & Welcome,2026-10-21 Afternoon
resp_0078,Lucas,Verhoeven,lucas.verhoeven78@example.com,+32479646701,VTK Gent,False,False,unreviewed,False,OlDYpqjkyx0x1g_U58fW2U1gTIO5WCXF,Setup & Logistics; Technical Support; Guest Flow & Stewarding; Info & Welcome; Food & Drinks; Runner & Flexible Support; Stage & Session Support,2026-10-21 Afternoon; 2026-10-21 Morning
resp_0079,Wout,Janssens,wout.janssens79@example.com,+32477163058,Student Ghentrepreneur,True,False,unreviewed,False,o6GIRrNEz2Q190RtK6f4d6dNgfIFOw4W,Setup & Logistics; Technical Support; Guest Flow & Stewarding; Info & Welcome; Runner & Flexible Support; Stage & Session Support,2026-10-21 Afternoon; 2026-10-21 Evening; 2026-10-21 Morning
resp_0080,Victor,Vermeulen,victor.vermeulen80@example.com,+32476897979,Student Ghentrepreneur,True,False,unreviewed,False,CRZggmZR5h9UxKAoTU_h1ZKPD8Gz6wKt,Guest Flow & Stewarding; Runner & Flexible Support,2026-10-21 Evening; 2026-10-21 Morning; 2026-10-22 Morning
resp_0081,Nina,Aerts,nina.aerts81@example.com,+32477075878,Ekonomika,False,False,unreviewed,False,e6ZkSvMYrPkWtIhhkQ4JBRRz17SxnQMv,Technical Support; Runner & Flexible Support; Stage & Session Support,2026-10-21 Afternoon; 2026-10-21 Evening; 2026-10-21 Morning; 2026-10-22 Morning
resp_0082,Hanne,Maes,hanne.maes82@example.com,+32472975701,AIESEC Ghent,True,False,unreviewed,False,vsyO8_S6RDENlhBi2amD30yWWEmFokRS,Guest Flow & Stewarding; Info & Welcome; Food & Drinks; Runner & Flexible Support,2026-10-21 Evening; 2026-10-21 Morning
resp_0083,Marie,Maes,marie.maes83@example.com,+32473920762,,False,False,unreviewed,False,jUkegP3qbxOyRT2Cu3oMy065tQpNxzLg,Setup & Logistics; Guest Flow & Stewarding; Info & Welcome; Runner & Flexible Support,2026-10-21 Afternoon; 2026-10-21 Morning; 2026-10-22 Morning
resp_0084,Milan,Martens,milan.martens84@example.com,+32479819709,Student Ghentrepreneur,False,False,unreviewed,False,ZpDbWpee3_1yeD1sgcJpGoxMZk2Y0vhm,Setup & Logistics; Technical Support; Info & Welcome; Food & Drinks,2026-10-21 Evening
resp_0085,Charlotte,De Clercq,charlotte.declercq85@example.com,+32473083077,,False,False,unreviewed,False,IbTajlHaxBgLofa2-24FRKeCe2gAAG3p,Food & Drinks; Runner & Flexible Support; Stage & Session Support,2026-10-21 Evening; 2026-10-21 Morning; 2026-10-22 Morning
resp_0086,Lena,De Smet,lena.desmet86@example.com,+32473872269,,True,False,unreviewed,False,00zdtjGewsMfPE2vpX44ktUpNH8fW21C,Setup & Logistics; Technical Support; Guest Flow & Stewarding; Food & Drinks; Stage & Session Support,2026-10-21 Afternoon; 2026-10-21 Morning; 2026-10-22 Morning
resp_0087,Nina,Vermeire,nina.vermeire87@example.com,+32479102469,VTK Gent,True,False,unreviewed,False,boWoTMQjbn30yEmZBrT7bhKp9FlCjJZm,Technical Support; Info & Welcome; Food & Drinks,2026-10-21 Afternoon; 2026-10-21 Evening; 2026-10-22 Morning
resp_0088,Charlotte,Van Damme,charlotte.vandamme88@example.com,+32477216632,,True,False,unreviewed,False,jKa__bwNXsa6RsU3-VLasq447bXerWSb,Technical Support; Guest Flow & Stewarding; Food & Drinks; Stage & Session Support,2026-10-21 Afternoon; 2026-10-21 Evening
resp_0089,Arthur,Mertens,arthur.mertens89@example.com,+32473673322,,True,False,unreviewed,False,OLm8c3FEr5jmero3q8b1NKFH-3B8DKi4,Guest Flow & Stewarding; Info & Welcome,2026-10-21 Afternoon; 2026-10-21 Evening; 2026-10-21 Morning; 2026-10-22 Morning
resp_0090,Amelie,Verhoeven,amelie.verhoeven90@example.com,+32472803501,,False,False,unreviewed,False,P00FS1Mf_vnYek6JUvD2lreb_AL121aw,Setup & Logistics; Technical Support; Guest Flow & Stewarding; Info & Welcome; Food & Drinks; Runner & Flexible Support; Stage & Session Support,2026-10-21 Afternoon; 2026-10-21 Evening; 2026-10-22 Morning
resp_0091,Liam,Vermeire,liam.vermeire91@example.com,+32472622046,,False,False,unreviewed,False,zBhS3G3D2gx3-Sd2aqaH3F4GZrBtDhN7,Setup & Logistics; Guest Flow & Stewarding; Food & Drinks; Stage & Session Support,2026-10-21 Afternoon; 2026-10-21 Evening; 2026-10-22 Morning
resp_0092,Liam,Janssens,liam.janssens92@example.com,+32476502353,,True,False,unreviewed,False,klQxD-yfRml1K_MB57ePWm7ZIixFCUx-,Runner & Flexible Support,2026-10-21 Evening; 2026-10-21 Morning; 2026-10-22 Morning
resp_0093,Manon,Peeters,manon.peeters93@example.com,+32471861596,,False,False,unreviewed,False,m0B3b_uLHWQHPPcjNfqc7pnMWT-ucMbQ,Setup & Logistics; Info & Welcome; Runner & Flexible Support,2026-10-21 Evening; 2026-10-21 Morning
resp_0094,Sophie,Jacobs,sophie.jacobs94@example.com,+32472044906,Student Ghentrepreneur,True,False,unreviewed,False,e4HDmLSZ-uJewfzjO48FK_zOFxm67MD1,Guest Flow & Stewarding; Info & Welcome; Stage & Session Support,2026-10-21 Evening; 2026-10-21 Morning
resp_0095,Charlotte,Martens,charlotte.martens95@example.com,+32475848684,VTK Gent,False,False,unreviewed,False,kLTlZ3qM5XV7wLHnLWZU0S3ZPCYmGl-q,Guest Flow & Stewarding; Runner & Flexible Support; Stage & Session Support,2026-10-21 Afternoon; 2026-10-21 Morning; 2026-10-22 Morning
resp_0096,Noah,Vermeire,noah.vermeire96@example.com,+32475302415,Student Ghentrepreneur,False,False,unreviewed,False,SJZlpvw_daDINDDmh2V82fXdKRCWH31L,Technical Support; Guest Flow & Stewarding; Info & Welcome; Stage & Session Support,2026-10-21 Afternoon
resp_0097,Maxime,Vermeire,maxime.vermeire97@example.com,+32476541407,AIESEC Ghent,True,False,unreviewed,False,m7b971b1LYx-wpnbpUJD0BAyQr5S2V2v,Setup & Logistics; Food & Drinks; Runner & Flexible Support,2026-10-21 Morning
resp_0098,Nina,Claes,nina.claes98@example.com,+32471609681,,True,False,unreviewed,False,DYugOxiRosmAvvpzuG2wa3avyZYQc-e8,Setup & Logistics; Guest Flow & Stewarding; Info & Welcome; Runner & Flexible Support; Stage & Session Support,2026-10-21 Evening; 2026-10-21 Morning; 2026-10-22 Morning
resp_0099,Thomas,Jacobs,thomas.jacobs99@example.com,+32478699307,,False,False,unreviewed,False,uWK8xSlDM1NlNqiAxd-3Go2MjytwIR1Y,Setup & Logistics; Technical Support; Guest Flow & Stewarding; Info & Welcome; Food & Drinks; Stage & Session Support,2026-10-21 Afternoon
resp_0100,Wout,Aerts,wout.aerts100@example.com,+32475161539,Ekonomika,False,False,unreviewed,False,iAxwMQQamaIi9TPqf95lEz8gg2e_Esi3,Setup & Logistics; Guest Flow & Stewarding; Info & Welcome; Food & Drinks; Runner & Flexible Support,2026-10-21 Evening; 2026-10-21 Morning
resp_0101,Maxime,Vermeire,maxime.vermeire101@example.com,+32473679603,VTK Gent,False,False,unreviewed,False,YlMHpJ31G26T_0e9Qb0k51CcB4aw7K6e,Runner & Flexible Support,2026-10-21 Evening; 2026-10-21 Morning
resp_0102,Marie,Vandamme,marie.vandamme102@example.com,+32472373555,,True,False,unreviewed,False,0RVJ8kUPaM7Vn3hVXmuuX9AG0N7yi_kB,Food & Drinks; Runner & Flexible Support,2026-10-21 Evening; 2026-10-21 Morning; 2026-10-22 Morning
resp_0103,Mathias,Mertens,mathias.mertens103@example.com,+32479562677,,True,False,unreviewed,False,Lp_XciVOPmsU2waW0IvQGPcXdF91QOPv,Food & Drinks; Stage & Session Support,2026-10-21 Evening; 2026-10-21 Morning; 2026-10-22 Morning
resp_0104,Charlotte,De Smet,charlotte.desmet104@example.com,+32472010921,,False,False,unreviewed,False,91G-HWPsZe7oylMraShomT2ZTeMtW-L5,Setup & Logistics; Technical Support; Guest Flow & Stewarding; Info & Welcome; Runner & Flexible Support,2026-10-21 Afternoon; 2026-10-21 Evening
resp_0105,Lena,Aerts,lena.aerts105@example.com,+32477594429,,False,False,unreviewed,False,RM5hu2bhg7JkJf2xkLThEWm7rM8oJdCx,Setup & Logistics; Info & Welcome; Stage & Session Support,2026-10-21 Afternoon; 2026-10-21 Morning; 2026-10-22 Morning
resp_0106,Maxime,Martens,maxime.martens106@example.com,+32478033690,,True,False,unreviewed,False,VJFnrq_80RghWyWfTINFaN35WH6JwECA,Technical Support; Info & Welcome; Runner & Flexible Support,2026-10-21 Afternoon; 2026-10-21 Morning
resp_0107,Liam,Verhoeven,liam.verhoeven107@example.com,+32479453969,,False,False,unreviewed,False,D-K2VftCA36wQmyTN_T2Y5Duq2MOjrCl,Setup & Logistics; Technical Support; Runner & Flexible Support; Stage & Session Support,2026-10-21 Morning; 2026-10-22 Morning
resp_0108,Felix,De Clercq,felix.declercq108@example.com,+32471786584,Student Ghentrepreneur,True,False,unreviewed,False,SmmWKAohH6qgfiq970bs4ssUMVfZZLH7,Setup & Logistics; Guest Flow & Stewarding; Stage & Session Support,2026-10-21 Afternoon; 2026-10-21 Evening; 2026-10-21 Morning; 2026-10-22 Morning
resp_0109,Victor,Aerts,victor.aerts109@example.com,+32479891787,AIESEC Ghent,True,False,unreviewed,False,UYTZdhtHVFiDplI4YygnbKpzaN4G4vbY,Technical Support; Info & Welcome; Food & Drinks,2026-10-21 Afternoon; 2026-10-21 Evening; 2026-10-21 Morning; 2026-10-22 Morning
resp_0110,Louise,Martens,louise.martens110@example.com,+32476586214,,False,False,unreviewed,False,U0m1Pzh2Q6NYRYM7KHMGDTz4lAuweUeX,Setup & Logistics; Technical Support; Guest Flow & Stewarding; Info & Welcome; Food & Drinks,2026-10-21 Evening; 2026-10-21 Morning; 2026-10-22 Morning
resp_0111,Bram,Goossens,bram.goossens111@example.com,+32478818250,Student Ghentrepreneur,False,False,unreviewed,False,GSxcNQBgW6cTfavNyPGFzRSvO_isjXBC,Guest Flow & Stewarding; Info & Welcome; Food & Drinks; Stage & Session Support,2026-10-21 Afternoon; 2026-10-22 Morning
resp_0112,Liam,Vermeire,liam.vermeire112@example.com,+32479376888,,True,False,unreviewed,False,JRR-WWp4WBdAmOtxnKLyMTHzdIUZN0aP,Setup & Logistics; Technical Support; Guest Flow & Stewarding; Info & Welcome; Runner & Flexible Support; Stage & Session Support,2026-10-21 Afternoon; 2026-10-21 Evening; 2026-10-21 Morning
resp_0113,Maxime,De Vos,maxime.devos113@example.com,+32471813936,,True,False,unreviewed,False,8usY_BVJZtyMLCrV1YHlLBlCOH-ZbPQE,Food & Drinks; Runner & Flexible Support,2026-10-22 Morning
resp_0114,Charlotte,De Vos,charlotte.devos114@example.com,+32479882154,,False,False,unreviewed,False,slg1oWL7FLY8SXqLMm-EMBDo-mlfe0KO,Runner & Flexible Support; Stage & Session Support,2026-10-21 Afternoon; 2026-10-21 Evening; 2026-10-21 Morning; 2026-10-22 Morning
resp_0115,Amelie,Mertens,amelie.mertens115@example.com,+32474789255,,True,False,unreviewed,False,Pst4BwEAtWDyMMI8bNBzYC298ELFxSbX,Guest Flow & Stewarding; Food & Drinks; Stage & Session Support,2026-10-21 Afternoon; 2026-10-21 Evening; 2026-10-21 Morning
resp_0116,Mathias,Vandamme,mathias.vandamme116@example.com,+32479861040,,True,False,unreviewed,False,TbzbxBXK02X1QZxcqD-zBl57UmTnJwE8,Setup & Logistics; Runner & Flexible Support,2026-10-21 Afternoon; 2026-10-21 Evening
resp_0117,Bram,Wouters,bram.wouters117@example.com,+32476565503,AIESEC Ghent,True,False,unreviewed,False,tVCw5wqBsMArR4riJAOV3XeQfRC7nSLE,Setup & Logistics; Technical Support; Info & Welcome; Food & Drinks; Runner & Flexible Support; Stage & Session Support,2026-10-21 Afternoon; 2026-10-21 Evening; 2026-10-21 Morning; 2026-10-22 Morning
resp_0118,Arthur,Maes,arthur.maes118@example.com,+32479230960,Student Ghentrepreneur,True,False,unreviewed,False,XsNRlITppo6lJz1eIO5PWXf0Nm5i10GS,Food & Drinks; Runner & Flexible Support; Stage & Session Support,2026-10-21 Afternoon
resp_0119,Victor,Goossens,victor.goossens119@example.com,+32471087161,,True,False,unreviewed,False,Yn_D4i39CT2I9CEeVrvSdrSyHFn-N-mP,Setup & Logistics; Technical Support; Guest Flow & Stewarding; Info & Welcome; Runner & Flexible Support,2026-10-21 Afternoon; 2026-10-21 Evening; 2026-10-21 Morning
resp_0120,Charlotte,Martens,charlotte.martens120@example.com,+32471207041,AIESEC Ghent,True,False,unreviewed,False,qrnYJSb9XS4BecPsk0PTfSI7u_QTaadz,Setup & Logistics; Info & Welcome; Food & Drinks; Runner & Flexible Support,2026-10-21 Afternoon; 2026-10-22 Morning
resp_0121,Lotte,De Smet,lotte.desmet121@example.com,+32475222820,Ekonomika,True,False,unreviewed,False,7HGNWI6H1mMhSv7p7JGYtbXHUacrMVRt,Setup & Logistics; Technical Support; Stage & Session Support,2026-10-21 Afternoon; 2026-10-21 Evening
resp_0122,Emma,Aerts,emma.aerts122@example.com,+32476379868,VTK Gent,True,False,unreviewed,False,bPJsuEA9i2iRUbL6IyDbnA0T1Tn9II6A,Guest Flow & Stewarding; Info & Welcome; Food & Drinks,2026-10-21 Evening; 2026-10-21 Morning; 2026-10-22 Morning
resp_0123,Maxime,Vandamme,maxime.vandamme123@example.com,+32471451577,,True,False,unreviewed,False,-wvqKzPPRuIvcs0FawZdqffXMoo2eM3V,Setup & Logistics; Technical Support; Guest Flow & Stewarding; Info & Welcome; Food & Drinks; Runner & Flexible Support; Stage & Session Support,2026-10-21 Morning; 2026-10-22 Morning
resp_0124,Nina,De Smet,nina.desmet124@example.com,+32471616817,AIESEC Ghent,False,False,unreviewed,False,hCjvvj3kSkqPznmL8eSQS44Ms5V6cCA4,Technical Support; Info & Welcome; Runner & Flexible Support,2026-10-21 Afternoon; 2026-10-21 Evening; 2026-10-21 Morning; 2026-10-22 Morning
resp_0125,Nina,Baert,nina.baert125@example.com,+32475340909,,False,False,unreviewed,False,WD333867zhbpIi5g-Q_uCHe_4KO50Zc-,Runner & Flexible Support; Stage & Session Support,2026-10-21 Afternoon; 2026-10-21 Evening; 2026-10-22 Morning
resp_0126,Hanne,Vermeire,hanne.vermeire126@example.com,+32473376915,,False,False,unreviewed,False,t5vP97e7ZtXDFccwDaxOZinH_Oh9DUTi,Setup & Logistics; Technical Support; Guest Flow & Stewarding; Info & Welcome,2026-10-21 Evening
resp_0127,Charlotte,Verhoeven,charlotte.verhoeven127@example.com,+32473757404,,True,False,unreviewed,False,bqi5tc3vPBuODgf10AJZ3jGRvfw5yEUD,Setup & Logistics; Guest Flow & Stewarding; Runner & Flexible Support,2026-10-21 Afternoon
resp_0128,Seppe,Aerts,seppe.aerts128@example.com,+32478542617,,False,False,unreviewed,False,nKH1ZzpVTyeooAvLwEVPwAoAvtrOmEWf,Technical Support; Info & Welcome; Food & Drinks; Runner & Flexible Support,2026-10-22 Morning
resp_0129,Noah,Martens,noah.martens129@example.com,+32477520284,Ekonomika,True,False,unreviewed,False,jkxiv5VDuwBTccBjAoysXt8EDtb1T-TR,Technical Support; Guest Flow & Stewarding; Info & Welcome,2026-10-21 Evening; 2026-10-22 Morning
resp_0130,Sophie,De Smet,sophie.desmet130@example.com,+32473313029,AIESEC Ghent,False,False,unreviewed,False,Gkdnigbnc17ryVtOk81QLTx4oqHBxQW-,Setup & Logistics; Technical Support; Guest Flow & Stewarding; Info & Welcome; Food & Drinks; Runner & Flexible Support,2026-10-21 Afternoon; 2026-10-21 Evening; 2026-10-21 Morning
resp_0131,Marie,Willems,marie.willems131@example.com,+32479249791,AIESEC Ghent,True,False,unreviewed,False,agjcPU4v2RfmIU5DKPqg1q6TpSz1zwvY,Setup & Logistics; Info & Welcome; Food & Drinks,2026-10-21 Afternoon; 2026-10-21 Evening; 2026-10-21 Morning; 2026-10-22 Morning
resp_0132,Victor,Janssens,victor.janssens132@example.com,+32477154919,VTK Gent,True,False,unreviewed,False,Unvm7tzZF4kt6ajA_yLLGcnGx7pNx6U-,Technical Support; Guest Flow & Stewarding; Food & Drinks,2026-10-21 Afternoon; 2026-10-21 Evening; 2026-10-22 Morning
resp_0133,Manon,Goossens,manon.goossens133@example.com,+32474521171,,False,False,unreviewed,False,RGg2NKMH3UlPIwc5K3psfqG-t5dRVUlM,Setup & Logistics; Guest Flow & Stewarding; Info & Welcome,2026-10-21 Evening
resp_0134,Seppe,Janssens,seppe.janssens134@example.com,+32473274804,,False,False,unreviewed,False,9WyhPrpClg3Aq3jIjfe0gkhldF4S_vgE,Technical Support; Guest Flow & Stewarding; Food & Drinks; Stage & Session Support,2026-10-21 Afternoon; 2026-10-22 Morning
resp_0135,Hanne,Aerts,hanne.aerts135@example.com,+32477191986,VTK Gent,True,False,unreviewed,False,gEGYW90M-uKhIs6LwY5qtDWNhZmvHttd,Guest Flow & Stewarding; Info & Welcome; Food & Drinks; Runner & Flexible Support,2026-10-21 Evening
resp_0136,Seppe,Martens,seppe.martens136@example.com,+32479142618,,True,False,unreviewed,False,FiCZ816l0_YEPRZYjbYbd6tG29ltOTWe,Technical Support; Info & Welcome; Stage & Session Support,2026-10-21 Afternoon
resp_0137,Bram,Willems,bram.willems137@example.com,+32472382787,VTK Gent,False,False,unreviewed,False,0KTIiYcO3i4wcXqNtIL3gezPUkEj130D,Setup & Logistics; Technical Support; Info & Welcome,2026-10-21 Afternoon; 2026-10-21 Evening; 2026-10-21 Morning; 2026-10-22 Morning
resp_0138,Nina,Maes,nina.maes138@example.com,+32473023227,Ekonomika,True,False,unreviewed,False,aC7cpmBM7OGSPX6J453LkKKbdwJ76aml,Setup & Logistics; Technical Support; Info & Welcome; Food & Drinks; Stage & Session Support,2026-10-21 Evening; 2026-10-22 Morning
resp_0139,Seppe,Jacobs,seppe.jacobs139@example.com,+32479900451,,False,False,unreviewed,False,OvDBq9nygHlW9W-K1JG7572VF-Da2x2-,Guest Flow & Stewarding; Stage & Session Support,2026-10-21 Morning
resp_0140,Thomas,Verhoeven,thomas.verhoeven140@example.com,+32472413458,VTK Gent,False,False,unreviewed,False,9GJpWwz_t9zToajXejVM4UQpkOC9-U-Z,Setup & Logistics; Technical Support; Guest Flow & Stewarding; Runner & Flexible Support; Stage & Session Support,2026-10-21 Afternoon; 2026-10-21 Evening; 2026-10-21 Morning
resp_0141,Thomas,De Clercq,thomas.declercq141@example.com,+32472191383,Student Ghentrepreneur,True,False,unreviewed,False,nAw3dk1sv_UnQprRYosExV3ARram0_cA,Setup & Logistics; Guest Flow & Stewarding; Info & Welcome,2026-10-21 Afternoon; 2026-10-21 Evening; 2026-10-21 Morning; 2026-10-22 Morning
resp_0142,Felix,Willems,felix.willems142@example.com,+32479406206,VTK Gent,False,False,unreviewed,False,6FCsnMH2g3BO2Sr0wMZGOTByV3JDlAqf,Setup & Logistics; Info & Welcome; Food & Drinks; Runner & Flexible Support; Stage & Session Support,2026-10-21 Evening
resp_0143,Louise,De Clercq,louise.declercq143@example.com,+32472446410,,False,False,unreviewed,False,b4ZzYfBKXPEFnbaoS_cU5CkDumgqikLo,Setup & Logistics; Technical Support; Guest Flow & Stewarding; Food & Drinks; Runner & Flexible Support; Stage & Session Support,2026-10-21 Evening; 2026-10-21 Morning
resp_0144,Sophie,Mertens,sophie.mertens144@example.com,+32478202871,Ekonomika,True,False,unreviewed,False,qozJZCF20NUC4Wd6tu3l_BjS4zflGEKo,Setup & Logistics; Technical Support; Guest Flow & Stewarding; Info & Welcome; Food & Drinks,2026-10-21 Afternoon; 2026-10-22 Morning
resp_0145,Louis,Vermeire,louis.vermeire145@example.com,+32471206159,,False,False,unreviewed,False,izzVCL2Oea3koGUJ-yR-O775sTVKlLDq,Technical Support; Guest Flow & Stewarding,2026-10-21 Afternoon; 2026-10-21 Morning; 2026-10-22 Morning
resp_0146,Seppe,Van Damme,seppe.vandamme146@example.com,+32479422849,,True,False,unreviewed,False,KW3HMv3puISvyDTIuRTwTkUrProUsyvn,Technical Support; Guest Flow & Stewarding; Info & Welcome,2026-10-21 Afternoon; 2026-10-22 Morning
resp_0147,Hanne,De Smet,hanne.desmet147@example.com,+32477178606,Student Ghentrepreneur,True,False,unreviewed,False,5pnfEKmJfk3Z2JQ0-ANd2x3G2EIKGjWg,Setup & Logistics; Info & Welcome; Food & Drinks,2026-10-21 Afternoon; 2026-10-21 Morning; 2026-10-22 Morning
resp_0148,Arthur,Martens,arthur.martens148@example.com,+32479254874,AIESEC Ghent,False,False,unreviewed,False,gBLfp3-d8LhgUpBRTI14_KAYAgDVr8OZ,Setup & Logistics; Runner & Flexible Support; Stage & Session Support,2026-10-21 Afternoon; 2026-10-21 Evening; 2026-10-21 Morning; 2026-10-22 Morning
resp_0149,Lena,De Vos,lena.devos149@example.com,+32473192921,AIESEC Ghent,False,False,unreviewed,False,O28UDVUDYbnYYsLyuJ-VKOSluIjFg9LF,Setup & Logistics; Food & Drinks; Runner & Flexible Support; Stage & Session Support,2026-10-21 Evening; 2026-10-22 Morning
resp_0150,Arthur,Maes,arthur.maes150@example.com,+32478581910,,False,False,unreviewed,False,115NERvRY3YF3A0JuBUR_IK2g4PUJ2oy,Setup & Logistics; Technical Support; Guest Flow & Stewarding; Food & Drinks; Runner & Flexible Support; Stage & Session Support,2026-10-21 Afternoon; 2026-10-21 Evening
resp_0151,Manon,Vermeulen,manon.vermeulen151@example.com,+32478586676,AIESEC Ghent,True,False,unreviewed,False,TjBFByZnWqnoi8EfPNdjOj52VTqB_UJa,Technical Support; Runner & Flexible Support,2026-10-21 Afternoon; 2026-10-21 Evening; 2026-10-21 Morning; 2026-10-22 Morning
resp_0152,Emma,Janssens,emma.janssens152@example.com,+32472081661,,True,False,unreviewed,False,LYNyYOd2Pi6YLU32es-xR5zqnfomC7-6,Technical Support; Info & Welcome; Food & Drinks; Runner & Flexible Support; Stage & Session Support,2026-10-21 Afternoon; 2026-10-22 Morning
resp_0153,Liam,Willems,liam.willems153@example.com,+32478482830,VTK Gent,True,False,unreviewed,False,00t_lKP5HWXQjuHFhM96KSMGLr024ftj,Setup & Logistics; Technical Support; Info & Welcome; Food & Drinks; Runner & Flexible Support; Stage & Session Support,2026-10-21 Afternoon; 2026-10-21 Evening; 2026-10-21 Morning; 2026-10-22 Morning
resp_0154,Louis,Janssens,louis.janssens154@example.com,+32477024901,AIESEC Ghent,True,False,unreviewed,False,xzqGZKTICxRvuiOZ6S-yt8Y9hJkU8ad9,Technical Support; Info & Welcome,2026-10-21 Morning; 2026-10-22 Morning
resp_0155,Emma,Vermeulen,emma.vermeulen155@example.com,+32475158351,,False,False,unreviewed,False,NsCMpQ2cBjcLC68-9ZYeABVrVSEsbNos,Setup & Logistics; Guest Flow & Stewarding; Info & Welcome; Stage & Session Support,2026-10-21 Morning; 2026-10-22 Morning
resp_0156,Arthur,Vermeire,arthur.vermeire156@example.com,+32473945353,VTK Gent,True,False,unreviewed,False,zfXZ76SXYPCuPMlZVRNgrKoCBE_zoknp,Guest Flow & Stewarding; Runner & Flexible Support; Stage & Session Support,2026-10-21 Afternoon; 2026-10-21 Evening; 2026-10-21 Morning; 2026-10-22 Morning
resp_0157,Camille,Baert,camille.baert157@example.com,+32472216878,Ekonomika,False,False,unreviewed,False,SoTBE65zuRDqBZohnChgTDvuZQY0lcQz,Technical Support; Guest Flow & Stewarding; Stage & Session Support,2026-10-21 Afternoon; 2026-10-21 Evening; 2026-10-21 Morning; 2026-10-22 Morning
resp_0158,Lucas,Van Damme,lucas.vandamme158@example.com,+32475941179,VTK Gent,False,False,unreviewed,False,9j49vCBYwoPmezhjd0v8_ZPMklCaR8ll,Technical Support; Guest Flow & Stewarding; Info & Welcome; Food & Drinks; Runner & Flexible Support,2026-10-21 Afternoon; 2026-10-21 Evening; 2026-10-21 Morning; 2026-10-22 Morning
resp_0159,Arthur,Vermeire,arthur.vermeire159@example.com,+32472488575,,True,False,unreviewed,False,6KIIEHII8OTSMkCEx0x4w1r-tBCYDC6G,Technical Support; Info & Welcome,2026-10-21 Afternoon; 2026-10-21 Morning; 2026-10-22 Morning
resp_0160,Seppe,Jacobs,seppe.jacobs160@example.com,+32473728923,,False,False,unreviewed,False,gm3QyzOrcdwKvJ77Y3MLgv3eVnDq_pO5,Setup & Logistics; Info & Welcome; Food & Drinks; Runner & Flexible Support; Stage & Session Support,2026-10-21 Afternoon; 2026-10-21 Evening; 2026-10-21 Morning
resp_0161,Louise,Vermeulen,louise.vermeulen161@example.com,+32478236404,,True,False,unreviewed,False,9DUhwpCq5Ul7D0rLJV0YN_cDIzztXmht,Technical Support; Info & Welcome,2026-10-21 Afternoon; 2026-10-21 Evening; 2026-10-22 Morning
resp_0162,Julie,Van Damme,julie.vandamme162@example.com,+32473576811,Student Ghentrepreneur,True,False,unreviewed,False,ZBOK9V9uY_k-4KAe_Smlcb_QC3ghRB89,Guest Flow & Stewarding; Food & Drinks; Runner & Flexible Support; Stage & Session Support,2026-10-21 Afternoon; 2026-10-21 Morning; 2026-10-22 Morning
resp_0163,Emma,Claes,emma.claes163@example.com,+32475446036,Student Ghentrepreneur,True,False,unreviewed,False,HaKbjV9RZARbdDi2tH7ghXZHvh0pO8dv,Setup & Logistics; Guest Flow & Stewarding,2026-10-21 Afternoon; 2026-10-21 Evening; 2026-10-22 Morning
resp_0164,Charlotte,Janssens,charlotte.janssens164@example.com,+32474817030,AIESEC Ghent,True,False,unreviewed,False,eYZsGjIO4ajWWRh05zIXgeVPZYkmpROl,Technical Support; Guest Flow & Stewarding; Info & Welcome,2026-10-21 Evening; 2026-10-21 Morning; 2026-10-22 Morning
resp_0165,Victor,Maes,victor.maes165@example.com,+32478533636,,True,False,unreviewed,False,2AFXRQY1Kv6EV6gz9gWFT-LMyucwPao8,Setup & Logistics; Runner & Flexible Support; Stage & Session Support,2026-10-21 Morning; 2026-10-22 Morning
resp_0166,Jules,Claes,jules.claes166@example.com,+32471207430,Student Ghentrepreneur,False,False,unreviewed,False,ZMv2CMG1FDkDAutRcqMfo5TxlRR1y_H2,Setup & Logistics; Technical Support; Guest Flow & Stewarding; Info & Welcome; Food & Drinks; Runner & Flexible Support; Stage & Session Support,2026-10-21 Afternoon; 2026-10-21 Evening; 2026-10-22 Morning
resp_0167,Laura,Vermeire,laura.vermeire167@example.com,+32471628569,Student Ghentrepreneur,True,False,unreviewed,False,NbDreR77JdaRv7T10cFA0GKmR8s-LdoI,Setup & Logistics; Technical Support; Food & Drinks; Runner & Flexible Support; Stage & Session Support,2026-10-21 Afternoon; 2026-10-21 Evening; 2026-10-21 Morning; 2026-10-22 Morning
resp_0168,Arthur,Janssens,arthur.janssens168@example.com,+32476041225,,True,False,unreviewed,False,OAxW9LjkctiJtHvKC3yAcmUCQcdyhRE4,Setup & Logistics; Technical Support; Guest Flow & Stewarding; Runner & Flexible Support; Stage & Session Support,2026-10-21 Evening; 2026-10-21 Morning
resp_0169,Julie,Van Damme,julie.vandamme169@example.com,+32474234033,,True,False,unreviewed,False,87ekbrVPGij5ECy_vJvdbXy5GuDu7FlH,Setup & Logistics; Guest Flow & Stewarding; Food & Drinks; Runner & Flexible Support; Stage & Session Support,2026-10-21 Afternoon; 2026-10-21 Evening; 2026-10-22 Morning
resp_0170,Julie,Wouters,julie.wouters170@example.com,+32478484373,Student Ghentrepreneur,False,False,unreviewed,False,tr305VO31b4jqJhOMSWaKhvWVkvdHV5x,Info & Welcome; Food & Drinks; Stage & Session Support,2026-10-21 Evening; 2026-10-21 Morning
resp_0171,Manon,Maes,manon.maes171@example.com,+32477870390,VTK Gent,False,False,unreviewed,False,t1-iaCguBOTXzd9Uf7aZtaSmYRDvf2E1,Setup & Logistics; Technical Support; Info & Welcome,2026-10-21 Afternoon; 2026-10-21 Morning; 2026-10-22 Morning
resp_0172,Lotte,Baert,lotte.baert172@example.com,+32471123271,,True,False,unreviewed,False,7MBd_2MVLP4rp5DUjg7-F_Ot0fuy9Lly,Technical Support; Guest Flow & Stewarding; Info & Welcome; Runner & Flexible Support; Stage & Session Support,2026-10-21 Afternoon; 2026-10-21 Evening; 2026-10-21 Morning; 2026-10-22 Morning
resp_0173,Camille,Wouters,camille.wouters173@example.com,+32476361758,AIESEC Ghent,True,False,unreviewed,False,yJI0pDRk2rOvEp3CuRLNSyLY0KyYda6k,Guest Flow & Stewarding; Food & Drinks; Runner & Flexible Support; Stage & Session Support,2026-10-21 Morning; 2026-10-22 Morning
resp_0174,Maxime,Janssens,maxime.janssens174@example.com,+32475928878,,True,False,unreviewed,False,lIFdoWtt4nXZxN2i5etIeLZ1d5mCjBNi,Technical Support; Guest Flow & Stewarding; Food & Drinks; Runner & Flexible Support,2026-10-21 Afternoon; 2026-10-21 Evening; 2026-10-22 Morning
resp_0175,Arthur,De Smet,arthur.desmet175@example.com,+32478922531,,True,False,unreviewed,False,hO6OqX52fRsY3mmcm91s3zrJDcX36d-U,Guest Flow & Stewarding; Runner & Flexible Support; Stage & Session Support,2026-10-21 Afternoon; 2026-10-21 Evening
resp_0176,Marie,Claes,marie.claes176@example.com,+32473966618,Ekonomika,False,False,unreviewed,False,TZefz84QFgCwiq5g6y8QVO-AzmdNbC0a,Technical Support; Info & Welcome; Food & Drinks,2026-10-21 Evening; 2026-10-21 Morning
resp_0177,Hanne,Willems,hanne.willems177@example.com,+32479955386,,True,False,unreviewed,False,FKESAg8Bi018W-MYmGYCQ_MgEoiKVjCb,Setup & Logistics; Technical Support; Info & Welcome; Stage & Session Support,2026-10-21 Evening; 2026-10-22 Morning
resp_0178,Maxime,Goossens,maxime.goossens178@example.com,+32473802133,VTK Gent,False,False,unreviewed,False,pyth2l3JIbXCTqRdwBCFRFhUao0lqhVR,Technical Support; Guest Flow & Stewarding; Stage & Session Support,2026-10-22 Morning
resp_0179,Marie,Vermeulen,marie.vermeulen179@example.com,+32473066315,,True,False,unreviewed,False,7_PS-0VbQSgxffuh03JT4I335o3nFXJ0,Setup & Logistics; Technical Support; Guest Flow & Stewarding; Info & Welcome; Food & Drinks; Runner & Flexible Support; Stage & Session Support,2026-10-21 Morning
resp_0180,Noah,Peeters,noah.peeters180@example.com,+32474447632,,False,False,unreviewed,False,52yKLVK1ZBzc9Xtu6H_yNsBQHKSaLLZL,Setup & Logistics; Info & Welcome,2026-10-21 Afternoon; 2026-10-21 Evening; 2026-10-22 Morning
resp_0181,Amelie,Baert,amelie.baert181@example.com,+32477874568,Ekonomika,True,False,unreviewed,False,9vUPP7naEuUJOM0K1jmTv8P3ydSBxHcV,Setup & Logistics; Stage & Session Support,2026-10-21 Afternoon; 2026-10-21 Morning; 2026-10-22 Morning
resp_0182,Emma,Peeters,emma.peeters182@example.com,+32475431282,VTK Gent,False,False,unreviewed,False,zzHlk4-p9F3xnjHHSvHzaemrNPwcsuk1,Setup & Logistics; Technical Support; Info & Welcome; Food & Drinks,2026-10-21 Afternoon; 2026-10-21 Evening; 2026-10-21 Morning; 2026-10-22 Morning
resp_0183,Maxime,Jacobs,maxime.jacobs183@example.com,+32476514013,,False,False,unreviewed,False,gbCp7Le3EROK_ptLOSLl_d--imHhtQhX,Setup & Logistics; Stage & Session Support,2026-10-21 Morning
resp_0184,Elise,Aerts,elise.aerts184@example.com,+32477979786,,True,False,unreviewed,False,H4VA-36D96Od0fMPVO1SkUex136vOXnH,Setup & Logistics; Technical Support; Guest Flow & Stewarding; Info & Welcome; Food & Drinks; Runner & Flexible Support; Stage & Session Support,2026-10-21 Morning
resp_0185,Emma,Mertens,emma.mertens185@example.com,+32471207369,Ekonomika,True,False,unreviewed,False,PeoPtZ5Tq6Du5JAf3-OW1rRmSR3pwUgg,Setup & Logistics; Info & Welcome; Food & Drinks; Stage & Session Support,2026-10-21 Afternoon
resp_0186,Maxime,Goossens,maxime.goossens186@example.com,+32479318729,Student Ghentrepreneur,False,False,unreviewed,False,aatFaAV1KmdH5RFeR0OSvh2UemAZphd0,Technical Support; Info & Welcome; Runner & Flexible Support; Stage & Session Support,2026-10-21 Afternoon; 2026-10-21 Evening; 2026-10-22 Morning
resp_0187,Amelie,Goossens,amelie.goossens187@example.com,+32478500558,Student Ghentrepreneur,True,False,unreviewed,False,KM2NHqOFKKT4Zp95eohO-2K7BcVQEgjO,Setup & Logistics; Technical Support; Info & Welcome; Stage & Session Support,2026-10-21 Evening; 2026-10-22 Morning
resp_0188,Mathias,Peeters,mathias.peeters188@example.com,+32474739945,,True,False,unreviewed,False,dwFJM9AdUNjU9f7jtxz_P_crxFRo7rd1,Guest Flow & Stewarding; Info & Welcome; Food & Drinks; Runner & Flexible Support; Stage & Session Support,2026-10-21 Afternoon; 2026-10-21 Evening; 2026-10-21 Morning
resp_0189,Hanne,Goossens,hanne.goossens189@example.com,+32473754070,,False,False,unreviewed,False,GGWreFeSr5Xf3r3UI7X35WexTt-NW2RP,Guest Flow & Stewarding,2026-10-21 Afternoon; 2026-10-21 Evening; 2026-10-22 Morning
resp_0190,Bram,Aerts,bram.aerts190@example.com,+32478558212,,True,False,unreviewed,False,jtNHxERdGyp-NfqNpp49YccGkcMpeA0d,Technical Support; Guest Flow & Stewarding; Stage & Session Support,2026-10-21 Evening
resp_0191,Bram,Van Damme,bram.vandamme191@example.com,+32475164755,AIESEC Ghent,False,False,unreviewed,False,NVjstqFLMKCW-krZEYyUsfmccl9AAxIU,Technical Support; Guest Flow & Stewarding; Info & Welcome; Food & Drinks; Runner & Flexible Support,2026-10-21 Afternoon; 2026-10-21 Evening; 2026-10-21 Morning; 2026-10-22 Morning
resp_0192,Sophie,De Clercq,sophie.declercq192@example.com,+32476793064,VTK Gent,True,False,unreviewed,False,hmt57vZCTmiA0Vpepq_iUeLYI-TSSAAt,Guest Flow & Stewarding; Food & Drinks; Runner & Flexible Support,2026-10-21 Morning; 2026-10-22 Morning
resp_0193,Louis,Vermeire,louis.vermeire193@example.com,+32471890282,,False,False,unreviewed,False,b52z05v09wKTRG8B-cMuim9FRW1YDuz4,Guest Flow & Stewarding; Info & Welcome; Runner & Flexible Support; Stage & Session Support,2026-10-21 Evening; 2026-10-21 Morning; 2026-10-22 Morning
resp_0194,Seppe,De Smet,seppe.desmet194@example.com,+32479571853,,True,False,unreviewed,False,7zg2s1JxYcNcSZKuvUrFE2X8prmsn48C,Setup & Logistics; Guest Flow & Stewarding; Food & Drinks,2026-10-21 Afternoon; 2026-10-21 Evening; 2026-10-21 Morning; 2026-10-22 Morning
resp_0195,Liam,Peeters,liam.peeters195@example.com,+32475935483,,True,False,unreviewed,False,AdV91ikt660UJdIPVFi_MzdvxZA0QFkq,Technical Support; Guest Flow & Stewarding; Info & Welcome; Food & Drinks; Stage & Session Support,2026-10-21 Afternoon; 2026-10-21 Morning; 2026-10-22 Morning
resp_0196,Jules,Wouters,jules.wouters196@example.com,+32471670091,,False,False,unreviewed,False,6Wum7z5cf7KYGv8vgxkdUHETYrnoNWsp,Technical Support; Guest Flow & Stewarding; Food & Drinks; Stage & Session Support,2026-10-21 Evening
resp_0197,Camille,De Clercq,camille.declercq197@example.com,+32474579482,,True,False,unreviewed,False,rPR6bWyHs6PjBB7f6iDdtARRcav4H86q,Setup & Logistics; Technical Support; Food & Drinks,2026-10-21 Evening; 2026-10-21 Morning; 2026-10-22 Morning
resp_0198,Milan,Verhoeven,milan.verhoeven198@example.com,+32472902100,AIESEC Ghent,True,False,unreviewed,False,AKUGTQIsJaoFhFGlUZATR-vVes-VI1f7,Food & Drinks; Runner & Flexible Support; Stage & Session Support,2026-10-21 Afternoon
resp_0199,Victor,Claes,victor.claes199@example.com,+32478117053,,True,False,unreviewed,False,42jMU8zs7rbih9UiEVSTtUvJB1GrGw80,Setup & Logistics; Technical Support; Stage & Session Support,2026-10-21 Afternoon; 2026-10-21 Evening; 2026-10-21 Morning; 2026-10-22 Morning
resp_0200,Camille,Janssens,camille.janssens200@example.com,+32478568632,AIESEC Ghent,True,False,unreviewed,False,OW0mTWAyEDuUUwFA8dxWn3CTwPbHbgjC,Setup & Logistics; Technical Support,2026-10-21 Afternoon; 2026-10-21 Evening; 2026-10-21 Morning; 2026-10-22 Morning
